{"cameraMode":{"drawMode":0,"name":"Shaded","section":"Shading Mode"},"sceneLighting":true,"audioPlay":false,"sceneViewState":{"m_AlwaysRefresh":false,"showFog":true,"showSkybox":true,"showFlares":true,"showImageEffects":true,"showParticleSystems":true,"showVisualEffectGraphs":true,"m_FxEnabled":true},"in2DMode":false,"pivot":{"x":-13.736448287963868,"y":7.1945013999938969,"z":-6.499625205993652},"rotation":{"x":0.0889764055609703,"y":0.08207803219556809,"z":-0.007355680223554373,"w":0.9926229119300842},"size":2.9660251140594484,"orthographic":false}